timestamp,federation,strategy,num_server_rounds,local_epochs,repeat,exit_code,duration_sec
2025-09-23T00:19:31+00:00,small-simulation,0,5,1,1,0,54
2025-09-23T00:20:21+00:00,small-simulation,0,5,1,2,0,49
2025-09-23T00:21:14+00:00,small-simulation,0,5,1,3,0,52
2025-09-23T00:22:07+00:00,small-simulation,0,5,1,4,0,52
2025-09-23T00:23:03+00:00,small-simulation,0,5,1,5,0,55
2025-09-23T00:23:58+00:00,small-simulation,0,5,1,6,0,54
2025-09-23T00:24:50+00:00,small-simulation,0,5,1,7,0,51
2025-09-23T00:25:42+00:00,small-simulation,0,5,1,8,0,51
2025-09-23T00:26:34+00:00,small-simulation,0,5,1,9,0,51
2025-09-23T00:27:27+00:00,small-simulation,0,5,1,10,0,52
2025-09-23T00:28:18+00:00,small-simulation,0,5,1,11,0,50
2025-09-23T00:29:12+00:00,small-simulation,0,5,1,12,0,53
2025-09-23T00:30:06+00:00,small-simulation,0,5,1,13,0,53
2025-09-23T00:31:01+00:00,small-simulation,0,5,1,14,0,54
2025-09-23T00:31:53+00:00,small-simulation,0,5,1,15,0,51
2025-09-23T00:32:46+00:00,small-simulation,0,5,1,16,0,52
2025-09-23T00:33:40+00:00,small-simulation,0,5,1,17,0,53
2025-09-23T00:34:32+00:00,small-simulation,0,5,1,18,0,51
2025-09-23T00:35:25+00:00,small-simulation,0,5,1,19,0,52
2025-09-23T00:36:16+00:00,small-simulation,0,5,1,20,0,50
2025-09-23T00:37:12+00:00,small-simulation,0,5,1,21,0,55
2025-09-23T00:38:06+00:00,small-simulation,0,5,1,22,0,53
2025-09-23T00:38:57+00:00,small-simulation,0,5,1,23,0,50
2025-09-23T00:39:52+00:00,small-simulation,0,5,1,24,0,54
2025-09-23T00:40:46+00:00,small-simulation,0,5,1,25,0,53
2025-09-23T00:41:39+00:00,small-simulation,0,5,1,26,0,52
2025-09-23T00:42:36+00:00,small-simulation,0,5,1,27,0,56
2025-09-23T00:43:32+00:00,small-simulation,0,5,1,28,0,55
2025-09-23T00:44:24+00:00,small-simulation,0,5,1,29,0,51
2025-09-23T00:45:17+00:00,small-simulation,0,5,1,30,0,52
2025-09-23T00:46:47+00:00,small-simulation,0,5,3,1,0,89
2025-09-23T00:48:22+00:00,small-simulation,0,5,3,2,0,94
2025-09-23T00:49:50+00:00,small-simulation,0,5,3,3,0,87
2025-09-23T00:51:21+00:00,small-simulation,0,5,3,4,0,90
2025-09-23T00:52:58+00:00,small-simulation,0,5,3,5,0,96
2025-09-23T00:54:35+00:00,small-simulation,0,5,3,6,0,96
2025-09-23T00:56:17+00:00,small-simulation,0,5,3,7,0,101
2025-09-23T00:58:00+00:00,small-simulation,0,5,3,8,0,102
2025-09-23T00:59:36+00:00,small-simulation,0,5,3,9,0,95
2025-09-23T01:01:08+00:00,small-simulation,0,5,3,10,0,91
2025-09-23T01:02:36+00:00,small-simulation,0,5,3,11,0,87
2025-09-23T01:04:10+00:00,small-simulation,0,5,3,12,0,93
2025-09-23T01:05:49+00:00,small-simulation,0,5,3,13,0,98
2025-09-23T01:07:23+00:00,small-simulation,0,5,3,14,0,93
2025-09-23T01:09:03+00:00,small-simulation,0,5,3,15,0,99
2025-09-23T01:10:27+00:00,small-simulation,0,5,3,16,0,83
2025-09-23T01:11:57+00:00,small-simulation,0,5,3,17,0,89
2025-09-23T01:13:29+00:00,small-simulation,0,5,3,18,0,91
2025-09-23T01:15:02+00:00,small-simulation,0,5,3,19,0,92
2025-09-23T01:16:36+00:00,small-simulation,0,5,3,20,0,93
2025-09-23T01:18:02+00:00,small-simulation,0,5,3,21,0,85
2025-09-23T01:19:36+00:00,small-simulation,0,5,3,22,0,93
2025-09-23T01:21:07+00:00,small-simulation,0,5,3,23,0,90
2025-09-23T01:22:36+00:00,small-simulation,0,5,3,24,0,88
2025-09-23T01:24:09+00:00,small-simulation,0,5,3,25,0,92
2025-09-23T01:25:38+00:00,small-simulation,0,5,3,26,0,88
2025-09-23T01:27:06+00:00,small-simulation,0,5,3,27,0,87
2025-09-23T01:28:39+00:00,small-simulation,0,5,3,28,0,92
2025-09-23T01:30:15+00:00,small-simulation,0,5,3,29,0,95
2025-09-23T01:31:54+00:00,small-simulation,0,5,3,30,0,98
2025-09-23T01:34:06+00:00,small-simulation,0,5,5,1,0,131
2025-09-23T01:36:11+00:00,small-simulation,0,5,5,2,0,124
2025-09-23T01:38:20+00:00,small-simulation,0,5,5,3,0,128
2025-09-23T01:40:25+00:00,small-simulation,0,5,5,4,0,124
2025-09-23T01:42:54+00:00,small-simulation,0,5,5,5,0,148
2025-09-23T01:45:02+00:00,small-simulation,0,5,5,6,0,127
2025-09-23T01:47:15+00:00,small-simulation,0,5,5,7,0,132
2025-09-23T01:49:15+00:00,small-simulation,0,5,5,8,0,119
2025-09-23T01:51:24+00:00,small-simulation,0,5,5,9,0,128
2025-09-23T01:53:26+00:00,small-simulation,0,5,5,10,0,121
2025-09-23T01:55:30+00:00,small-simulation,0,5,5,11,0,123
2025-09-23T01:57:37+00:00,small-simulation,0,5,5,12,0,126
2025-09-23T01:59:46+00:00,small-simulation,0,5,5,13,0,128
2025-09-23T02:02:06+00:00,small-simulation,0,5,5,14,0,139
2025-09-23T02:04:05+00:00,small-simulation,0,5,5,15,0,118
2025-09-23T02:06:16+00:00,small-simulation,0,5,5,16,0,130
2025-09-23T02:08:28+00:00,small-simulation,0,5,5,17,0,131
2025-09-23T02:10:26+00:00,small-simulation,0,5,5,18,0,117
2025-09-23T02:12:35+00:00,small-simulation,0,5,5,19,0,128
2025-09-23T02:14:49+00:00,small-simulation,0,5,5,20,0,133
2025-09-23T02:16:58+00:00,small-simulation,0,5,5,21,0,128
2025-09-23T02:18:57+00:00,small-simulation,0,5,5,22,0,118
2025-09-23T02:21:15+00:00,small-simulation,0,5,5,23,0,137
2025-09-23T02:23:26+00:00,small-simulation,0,5,5,24,0,130
2025-09-23T02:25:30+00:00,small-simulation,0,5,5,25,0,123
2025-09-23T02:27:38+00:00,small-simulation,0,5,5,26,0,127
2025-09-23T02:29:51+00:00,small-simulation,0,5,5,27,0,132
2025-09-23T02:31:49+00:00,small-simulation,0,5,5,28,0,117
2025-09-23T02:34:01+00:00,small-simulation,0,5,5,29,0,131
2025-09-23T02:36:15+00:00,small-simulation,0,5,5,30,0,133
2025-09-23T02:37:35+00:00,small-simulation,0,10,1,1,0,79
2025-09-23T02:38:54+00:00,small-simulation,0,10,1,2,0,78
2025-09-23T02:40:18+00:00,small-simulation,0,10,1,3,0,83
2025-09-23T02:41:39+00:00,small-simulation,0,10,1,4,0,80
2025-09-23T02:43:02+00:00,small-simulation,0,10,1,5,0,82
2025-09-23T02:44:20+00:00,small-simulation,0,10,1,6,0,77
2025-09-23T02:45:39+00:00,small-simulation,0,10,1,7,0,78
2025-09-23T02:47:00+00:00,small-simulation,0,10,1,8,0,80
2025-09-23T02:48:24+00:00,small-simulation,0,10,1,9,0,83
2025-09-23T02:49:47+00:00,small-simulation,0,10,1,10,0,82
2025-09-23T02:51:09+00:00,small-simulation,0,10,1,11,0,81
2025-09-23T02:52:29+00:00,small-simulation,0,10,1,12,0,79
2025-09-23T02:53:51+00:00,small-simulation,0,10,1,13,0,81
2025-09-23T02:55:13+00:00,small-simulation,0,10,1,14,0,81
2025-09-23T02:56:31+00:00,small-simulation,0,10,1,15,0,77
2025-09-23T02:57:58+00:00,small-simulation,0,10,1,16,0,86
2025-09-23T02:59:16+00:00,small-simulation,0,10,1,17,0,77
2025-09-23T03:00:30+00:00,small-simulation,0,10,1,18,0,73
2025-09-23T03:01:49+00:00,small-simulation,0,10,1,19,0,78
2025-09-23T03:03:13+00:00,small-simulation,0,10,1,20,0,83
2025-09-23T03:04:39+00:00,small-simulation,0,10,1,21,0,85
2025-09-23T03:05:58+00:00,small-simulation,0,10,1,22,0,78
2025-09-23T03:07:16+00:00,small-simulation,0,10,1,23,0,77
2025-09-23T03:08:39+00:00,small-simulation,0,10,1,24,0,82
2025-09-23T03:09:57+00:00,small-simulation,0,10,1,25,0,77
2025-09-23T03:11:19+00:00,small-simulation,0,10,1,26,0,81
2025-09-23T03:12:35+00:00,small-simulation,0,10,1,27,0,75
2025-09-23T03:13:59+00:00,small-simulation,0,10,1,28,0,83
2025-09-23T03:15:25+00:00,small-simulation,0,10,1,29,0,85
2025-09-23T03:16:42+00:00,small-simulation,0,10,1,30,0,76
2025-09-23T03:18:59+00:00,small-simulation,0,10,3,1,0,136
2025-09-23T03:21:12+00:00,small-simulation,0,10,3,2,0,132
2025-09-23T03:23:26+00:00,small-simulation,0,10,3,3,0,133
2025-09-23T03:25:45+00:00,small-simulation,0,10,3,4,0,138
2025-09-23T03:27:50+00:00,small-simulation,0,10,3,5,0,124
2025-09-23T03:30:07+00:00,small-simulation,0,10,3,6,0,136
2025-09-23T03:32:23+00:00,small-simulation,0,10,3,7,0,135
2025-09-23T03:34:34+00:00,small-simulation,0,10,3,8,0,130
2025-09-23T03:36:58+00:00,small-simulation,0,10,3,9,0,143
2025-09-23T03:39:14+00:00,small-simulation,0,10,3,10,0,135
2025-09-23T03:41:30+00:00,small-simulation,0,10,3,11,0,135
2025-09-23T03:43:45+00:00,small-simulation,0,10,3,12,0,134
2025-09-23T03:45:45+00:00,small-simulation,0,10,3,13,0,119
2025-09-23T03:48:01+00:00,small-simulation,0,10,3,14,0,135
2025-09-23T03:50:30+00:00,small-simulation,0,10,3,15,0,148
2025-09-23T03:52:56+00:00,small-simulation,0,10,3,16,0,145
2025-09-23T03:55:21+00:00,small-simulation,0,10,3,17,0,144
2025-09-23T03:57:32+00:00,small-simulation,0,10,3,18,0,130
2025-09-23T03:59:45+00:00,small-simulation,0,10,3,19,0,132
2025-09-23T04:01:58+00:00,small-simulation,0,10,3,20,0,132
2025-09-23T04:04:22+00:00,small-simulation,0,10,3,21,0,143
2025-09-23T04:06:32+00:00,small-simulation,0,10,3,22,0,129
2025-09-23T04:08:49+00:00,small-simulation,0,10,3,23,0,136
2025-09-23T04:10:50+00:00,small-simulation,0,10,3,24,0,120
2025-09-23T04:12:53+00:00,small-simulation,0,10,3,25,0,122
2025-09-23T04:15:11+00:00,small-simulation,0,10,3,26,0,137
2025-09-23T04:17:14+00:00,small-simulation,0,10,3,27,0,122
2025-09-23T04:19:27+00:00,small-simulation,0,10,3,28,0,132
2025-09-23T04:21:45+00:00,small-simulation,0,10,3,29,0,137
2025-09-23T04:24:16+00:00,small-simulation,0,10,3,30,0,150
2025-09-23T04:27:27+00:00,small-simulation,0,10,5,1,0,190
2025-09-23T04:31:09+00:00,small-simulation,0,10,5,2,0,221
2025-09-23T04:34:23+00:00,small-simulation,0,10,5,3,0,192
2025-09-23T04:37:19+00:00,small-simulation,0,10,5,4,0,175
2025-09-23T04:40:57+00:00,small-simulation,0,10,5,5,0,217
2025-09-23T04:44:14+00:00,small-simulation,0,10,5,6,0,196
2025-09-23T04:47:52+00:00,small-simulation,0,10,5,7,0,217
2025-09-23T04:50:56+00:00,small-simulation,0,10,5,8,0,183
2025-09-23T04:54:12+00:00,small-simulation,0,10,5,9,0,195
2025-09-23T04:57:35+00:00,small-simulation,0,10,5,10,0,202
2025-09-23T05:00:48+00:00,small-simulation,0,10,5,11,0,192
2025-09-23T05:03:38+00:00,small-simulation,0,10,5,12,0,169
2025-09-23T05:06:56+00:00,small-simulation,0,10,5,13,0,197
2025-09-23T05:10:18+00:00,small-simulation,0,10,5,14,0,201
2025-09-23T05:13:05+00:00,small-simulation,0,10,5,15,0,166
2025-09-23T05:16:17+00:00,small-simulation,0,10,5,16,0,191
2025-09-23T05:19:26+00:00,small-simulation,0,10,5,17,0,188
2025-09-23T05:22:53+00:00,small-simulation,0,10,5,18,0,206
2025-09-23T05:26:31+00:00,small-simulation,0,10,5,19,0,217
2025-09-23T05:29:52+00:00,small-simulation,0,10,5,20,0,200
2025-09-23T05:33:04+00:00,small-simulation,0,10,5,21,0,191
2025-09-23T05:36:14+00:00,small-simulation,0,10,5,22,0,189
2025-09-23T05:39:43+00:00,small-simulation,0,10,5,23,0,208
2025-09-23T05:42:34+00:00,small-simulation,0,10,5,24,0,170
2025-09-23T05:45:52+00:00,small-simulation,0,10,5,25,0,197
2025-09-23T05:49:36+00:00,small-simulation,0,10,5,26,0,223
2025-09-23T05:53:08+00:00,small-simulation,0,10,5,27,0,211
2025-09-23T05:56:04+00:00,small-simulation,0,10,5,28,0,175
2025-09-23T05:59:47+00:00,small-simulation,0,10,5,29,0,222
2025-09-23T06:03:08+00:00,small-simulation,0,10,5,30,0,200
2025-09-23T06:07:52+00:00,small-simulation,0,50,1,1,0,283
2025-09-23T06:12:30+00:00,small-simulation,0,50,1,2,0,277
2025-09-23T06:17:24+00:00,small-simulation,0,50,1,3,0,293
2025-09-23T06:22:11+00:00,small-simulation,0,50,1,4,0,286
2025-09-23T06:26:49+00:00,small-simulation,0,50,1,5,0,277
2025-09-23T06:31:29+00:00,small-simulation,0,50,1,6,0,279
2025-09-23T06:36:08+00:00,small-simulation,0,50,1,7,0,278
2025-09-23T06:40:32+00:00,small-simulation,0,50,1,8,0,263
2025-09-23T06:44:53+00:00,small-simulation,0,50,1,9,0,260
2025-09-23T06:49:28+00:00,small-simulation,0,50,1,10,0,274
2025-09-23T06:54:03+00:00,small-simulation,0,50,1,11,0,274
2025-09-23T06:58:56+00:00,small-simulation,0,50,1,12,0,292
2025-09-23T07:03:44+00:00,small-simulation,0,50,1,13,0,287
2025-09-23T07:08:55+00:00,small-simulation,0,50,1,14,0,310
2025-09-23T07:13:23+00:00,small-simulation,0,50,1,15,0,267
2025-09-23T07:18:15+00:00,small-simulation,0,50,1,16,0,291
2025-09-23T07:22:52+00:00,small-simulation,0,50,1,17,0,276
2025-09-23T07:27:27+00:00,small-simulation,0,50,1,18,0,274
2025-09-23T07:32:00+00:00,small-simulation,0,50,1,19,0,272
2025-09-23T07:36:36+00:00,small-simulation,0,50,1,20,0,275
2025-09-23T08:06:01+00:00,small-simulation,0,50,1,21,0,1764
2025-09-23T08:10:25+00:00,small-simulation,0,50,1,22,0,263
2025-09-23T08:15:19+00:00,small-simulation,0,50,1,23,0,293
2025-09-23T08:20:05+00:00,small-simulation,0,50,1,24,0,285
2025-09-23T08:24:44+00:00,small-simulation,0,50,1,25,0,278
2025-09-23T08:29:26+00:00,small-simulation,0,50,1,26,0,281
2025-09-23T08:34:06+00:00,small-simulation,0,50,1,27,0,279
2025-09-23T08:38:48+00:00,small-simulation,0,50,1,28,0,281
2025-09-23T08:43:24+00:00,small-simulation,0,50,1,29,0,275
2025-09-23T08:47:56+00:00,small-simulation,0,50,1,30,0,271
2025-09-23T14:00:26+00:00,small-simulation,0,50,3,1,0,427
2025-09-23T14:08:56+00:00,small-simulation,0,50,3,2,0,509
2025-09-23T14:16:38+00:00,small-simulation,0,50,3,3,0,461
2025-09-23T14:25:01+00:00,small-simulation,0,50,3,4,0,502
2025-09-23T14:34:09+00:00,small-simulation,0,50,3,5,0,547
2025-09-23T14:42:35+00:00,small-simulation,0,50,3,6,0,505
2025-09-23T14:49:37+00:00,small-simulation,0,50,3,7,0,421
2025-09-23T14:57:25+00:00,small-simulation,0,50,3,8,0,467
2025-09-23T15:05:46+00:00,small-simulation,0,50,3,9,0,500
2025-09-23T15:12:51+00:00,small-simulation,0,50,3,10,0,424
2025-09-23T15:20:32+00:00,small-simulation,0,50,3,11,0,460
2025-09-23T15:27:57+00:00,small-simulation,0,50,3,12,0,444
2025-09-23T15:36:54+00:00,small-simulation,0,50,3,13,0,536
2025-09-23T15:44:26+00:00,small-simulation,0,50,3,14,0,451
2025-09-23T15:53:40+00:00,small-simulation,0,50,3,15,0,553
2025-09-23T16:01:55+00:00,small-simulation,0,50,3,16,0,494
2025-09-23T16:10:41+00:00,small-simulation,0,50,3,17,0,525
2025-09-23T16:19:59+00:00,small-simulation,0,50,3,18,0,557
2025-09-23T16:27:43+00:00,small-simulation,0,50,3,19,0,463
2025-09-23T16:35:47+00:00,small-simulation,0,50,3,20,0,483
2025-09-23T16:43:27+00:00,small-simulation,0,50,3,21,0,459
2025-09-23T16:50:38+00:00,small-simulation,0,50,3,22,0,430
2025-09-23T16:58:11+00:00,small-simulation,0,50,3,23,0,452
2025-09-23T17:06:42+00:00,small-simulation,0,50,3,24,0,510
2025-09-23T17:14:17+00:00,small-simulation,0,50,3,25,0,454
2025-09-23T17:22:55+00:00,small-simulation,0,50,3,26,0,517
2025-09-23T17:30:34+00:00,small-simulation,0,50,3,27,0,458
2025-09-23T17:38:12+00:00,small-simulation,0,50,3,28,0,457
2025-09-23T17:45:47+00:00,small-simulation,0,50,3,29,0,454
2025-09-23T17:53:25+00:00,small-simulation,0,50,3,30,0,457
2025-09-23T18:03:28+00:00,small-simulation,0,50,5,1,0,602
2025-09-23T18:14:20+00:00,small-simulation,0,50,5,2,0,651
2025-09-23T18:25:03+00:00,small-simulation,0,50,5,3,0,642
2025-09-23T18:35:15+00:00,small-simulation,0,50,5,4,0,611
2025-09-23T18:45:48+00:00,small-simulation,0,50,5,5,0,632
2025-09-23T18:56:05+00:00,small-simulation,0,50,5,6,0,616
2025-09-23T19:08:02+00:00,small-simulation,0,50,5,7,0,716
2025-09-23T19:19:22+00:00,small-simulation,0,50,5,8,0,679
2025-09-23T19:30:19+00:00,small-simulation,0,50,5,9,0,656
2025-09-23T19:42:13+00:00,small-simulation,0,50,5,10,0,713
2025-09-23T19:52:05+00:00,small-simulation,0,50,5,11,0,591
2025-09-23T20:04:03+00:00,small-simulation,0,50,5,12,0,717
2025-09-23T20:14:37+00:00,small-simulation,0,50,5,13,0,633
2025-09-23T20:25:38+00:00,small-simulation,0,50,5,14,0,660
2025-09-23T20:36:00+00:00,small-simulation,0,50,5,15,0,621
2025-09-23T20:47:14+00:00,small-simulation,0,50,5,16,0,673
2025-09-23T20:58:54+00:00,small-simulation,0,50,5,17,0,699
2025-09-23T21:09:22+00:00,small-simulation,0,50,5,18,0,627
2025-09-23T21:22:02+00:00,small-simulation,0,50,5,19,0,759
2025-09-23T21:30:47+00:00,small-simulation,0,50,5,20,0,524
2025-09-23T21:41:06+00:00,small-simulation,0,50,5,21,0,618
2025-09-23T21:50:08+00:00,small-simulation,0,50,5,22,0,541
2025-09-23T21:59:49+00:00,small-simulation,0,50,5,23,0,580
2025-09-23T22:09:40+00:00,small-simulation,0,50,5,24,0,590
2025-09-23T22:19:44+00:00,small-simulation,0,50,5,25,0,603
2025-09-23T22:32:50+00:00,small-simulation,0,50,5,26,0,785
2025-09-23T22:43:20+00:00,small-simulation,0,50,5,27,0,629
2025-09-23T22:54:05+00:00,small-simulation,0,50,5,28,0,644
2025-09-23T23:03:47+00:00,small-simulation,0,50,5,29,0,581
2025-09-23T23:14:38+00:00,small-simulation,0,50,5,30,0,650
2025-09-23T23:15:27+00:00,small-simulation,1,5,1,1,0,48
2025-09-23T23:16:13+00:00,small-simulation,1,5,1,2,0,45
2025-09-23T23:16:58+00:00,small-simulation,1,5,1,3,0,44
2025-09-23T23:17:46+00:00,small-simulation,1,5,1,4,0,47
2025-09-23T23:18:34+00:00,small-simulation,1,5,1,5,0,47
2025-09-23T23:19:21+00:00,small-simulation,1,5,1,6,0,46
2025-09-23T23:20:10+00:00,small-simulation,1,5,1,7,0,48
2025-09-23T23:20:54+00:00,small-simulation,1,5,1,8,0,43
2025-09-23T23:21:41+00:00,small-simulation,1,5,1,9,0,46
2025-09-23T23:22:30+00:00,small-simulation,1,5,1,10,0,48
2025-09-23T23:23:19+00:00,small-simulation,1,5,1,11,0,48
2025-09-23T23:24:08+00:00,small-simulation,1,5,1,12,0,48
2025-09-23T23:24:57+00:00,small-simulation,1,5,1,13,0,48
2025-09-23T23:25:45+00:00,small-simulation,1,5,1,14,0,47
2025-09-23T23:26:33+00:00,small-simulation,1,5,1,15,0,47
2025-09-23T23:27:21+00:00,small-simulation,1,5,1,16,0,47
2025-09-23T23:28:09+00:00,small-simulation,1,5,1,17,0,47
2025-09-23T23:28:57+00:00,small-simulation,1,5,1,18,0,47
2025-09-23T23:29:46+00:00,small-simulation,1,5,1,19,0,48
2025-09-23T23:30:34+00:00,small-simulation,1,5,1,20,0,47
2025-09-23T23:31:23+00:00,small-simulation,1,5,1,21,0,48
2025-09-23T23:32:14+00:00,small-simulation,1,5,1,22,0,50
2025-09-23T23:33:05+00:00,small-simulation,1,5,1,23,0,50
2025-09-23T23:33:51+00:00,small-simulation,1,5,1,24,0,45
2025-09-23T23:34:39+00:00,small-simulation,1,5,1,25,0,47
2025-09-23T23:35:27+00:00,small-simulation,1,5,1,26,0,47
2025-09-23T23:36:14+00:00,small-simulation,1,5,1,27,0,46
2025-09-23T23:37:03+00:00,small-simulation,1,5,1,28,0,48
2025-09-23T23:37:51+00:00,small-simulation,1,5,1,29,0,47
2025-09-23T23:38:40+00:00,small-simulation,1,5,1,30,0,48
2025-09-23T23:39:56+00:00,small-simulation,1,5,3,1,0,75
2025-09-23T23:41:16+00:00,small-simulation,1,5,3,2,0,79
2025-09-23T23:42:35+00:00,small-simulation,1,5,3,3,0,78
2025-09-23T23:43:50+00:00,small-simulation,1,5,3,4,0,74
2025-09-23T23:45:08+00:00,small-simulation,1,5,3,5,0,77
2025-09-23T23:46:26+00:00,small-simulation,1,5,3,6,0,77
2025-09-23T23:47:43+00:00,small-simulation,1,5,3,7,0,76
2025-09-23T23:49:02+00:00,small-simulation,1,5,3,8,0,78
2025-09-23T23:50:20+00:00,small-simulation,1,5,3,9,0,77
2025-09-23T23:51:37+00:00,small-simulation,1,5,3,10,0,76
2025-09-23T23:52:54+00:00,small-simulation,1,5,3,11,0,76
2025-09-23T23:54:09+00:00,small-simulation,1,5,3,12,0,74
2025-09-23T23:55:26+00:00,small-simulation,1,5,3,13,0,76
2025-09-23T23:56:42+00:00,small-simulation,1,5,3,14,0,75
2025-09-23T23:58:00+00:00,small-simulation,1,5,3,15,0,77
2025-09-23T23:59:17+00:00,small-simulation,1,5,3,16,0,76
2025-09-24T00:00:36+00:00,small-simulation,1,5,3,17,0,78
2025-09-24T00:01:43+00:00,small-simulation,1,5,3,18,0,66
2025-09-24T00:03:01+00:00,small-simulation,1,5,3,19,0,77
2025-09-24T00:04:21+00:00,small-simulation,1,5,3,20,0,79
2025-09-24T00:05:32+00:00,small-simulation,1,5,3,21,0,70
2025-09-24T00:06:50+00:00,small-simulation,1,5,3,22,0,77
2025-09-24T00:08:09+00:00,small-simulation,1,5,3,23,0,78
2025-09-24T00:09:23+00:00,small-simulation,1,5,3,24,0,73
2025-09-24T00:10:38+00:00,small-simulation,1,5,3,25,0,74
2025-09-24T00:11:56+00:00,small-simulation,1,5,3,26,0,77
2025-09-24T00:13:14+00:00,small-simulation,1,5,3,27,0,77
2025-09-24T00:14:35+00:00,small-simulation,1,5,3,28,0,80
2025-09-24T00:15:50+00:00,small-simulation,1,5,3,29,0,74
2025-09-24T00:17:07+00:00,small-simulation,1,5,3,30,0,76
2025-09-24T00:18:53+00:00,small-simulation,1,5,5,1,0,105
2025-09-24T00:20:34+00:00,small-simulation,1,5,5,2,0,100
2025-09-24T00:22:04+00:00,small-simulation,1,5,5,3,0,89
2025-09-24T00:23:52+00:00,small-simulation,1,5,5,4,0,107
2025-09-24T00:25:40+00:00,small-simulation,1,5,5,5,0,107
2025-09-24T00:27:28+00:00,small-simulation,1,5,5,6,0,107
2025-09-24T00:29:09+00:00,small-simulation,1,5,5,7,0,100
2025-09-24T00:30:56+00:00,small-simulation,1,5,5,8,0,106
2025-09-24T00:32:38+00:00,small-simulation,1,5,5,9,0,101
2025-09-24T00:34:25+00:00,small-simulation,1,5,5,10,0,106
2025-09-24T00:36:12+00:00,small-simulation,1,5,5,11,0,106
2025-09-24T00:37:59+00:00,small-simulation,1,5,5,12,0,106
2025-09-24T00:39:45+00:00,small-simulation,1,5,5,13,0,105
2025-09-24T00:41:32+00:00,small-simulation,1,5,5,14,0,106
2025-09-24T00:43:14+00:00,small-simulation,1,5,5,15,0,101
2025-09-24T00:45:00+00:00,small-simulation,1,5,5,16,0,105
2025-09-24T00:46:48+00:00,small-simulation,1,5,5,17,0,107
2025-09-24T00:48:18+00:00,small-simulation,1,5,5,18,0,89
2025-09-24T00:50:05+00:00,small-simulation,1,5,5,19,0,106
2025-09-24T00:51:51+00:00,small-simulation,1,5,5,20,0,105
2025-09-24T00:53:39+00:00,small-simulation,1,5,5,21,0,107
2025-09-24T00:55:24+00:00,small-simulation,1,5,5,22,0,104
2025-09-24T00:57:03+00:00,small-simulation,1,5,5,23,0,98
2025-09-24T00:58:40+00:00,small-simulation,1,5,5,24,0,96
2025-09-24T01:00:24+00:00,small-simulation,1,5,5,25,0,103
2025-09-24T01:02:02+00:00,small-simulation,1,5,5,26,0,97
2025-09-24T01:03:45+00:00,small-simulation,1,5,5,27,0,102
2025-09-24T01:05:24+00:00,small-simulation,1,5,5,28,0,98
2025-09-24T01:07:08+00:00,small-simulation,1,5,5,29,0,103
2025-09-24T01:08:41+00:00,small-simulation,1,5,5,30,0,92
2025-09-24T01:09:52+00:00,small-simulation,1,10,1,1,0,70
2025-09-24T01:11:07+00:00,small-simulation,1,10,1,2,0,74
2025-09-24T01:12:25+00:00,small-simulation,1,10,1,3,0,77
2025-09-24T01:13:42+00:00,small-simulation,1,10,1,4,0,76
2025-09-24T01:15:00+00:00,small-simulation,1,10,1,5,0,77
2025-09-24T01:16:18+00:00,small-simulation,1,10,1,6,0,77
2025-09-24T01:17:33+00:00,small-simulation,1,10,1,7,0,74
2025-09-24T01:18:46+00:00,small-simulation,1,10,1,8,0,72
2025-09-24T01:20:01+00:00,small-simulation,1,10,1,9,0,74
2025-09-24T01:21:20+00:00,small-simulation,1,10,1,10,0,78
2025-09-24T01:22:30+00:00,small-simulation,1,10,1,11,0,69
2025-09-24T01:23:44+00:00,small-simulation,1,10,1,12,0,73
2025-09-24T01:24:53+00:00,small-simulation,1,10,1,13,0,68
2025-09-24T01:26:05+00:00,small-simulation,1,10,1,14,0,71
2025-09-24T01:27:16+00:00,small-simulation,1,10,1,15,0,70
2025-09-24T01:28:35+00:00,small-simulation,1,10,1,16,0,78
2025-09-24T01:29:51+00:00,small-simulation,1,10,1,17,0,75
2025-09-24T01:31:06+00:00,small-simulation,1,10,1,18,0,74
2025-09-24T01:32:21+00:00,small-simulation,1,10,1,19,0,74
2025-09-24T01:33:34+00:00,small-simulation,1,10,1,20,0,72
2025-09-24T01:34:48+00:00,small-simulation,1,10,1,21,0,73
2025-09-24T01:36:03+00:00,small-simulation,1,10,1,22,0,74
2025-09-24T01:37:16+00:00,small-simulation,1,10,1,23,0,72
2025-09-24T01:38:32+00:00,small-simulation,1,10,1,24,0,75
2025-09-24T01:39:44+00:00,small-simulation,1,10,1,25,0,71
2025-09-24T01:41:00+00:00,small-simulation,1,10,1,26,0,75
2025-09-24T01:42:16+00:00,small-simulation,1,10,1,27,0,75
2025-09-24T01:43:34+00:00,small-simulation,1,10,1,28,0,77
2025-09-24T01:44:46+00:00,small-simulation,1,10,1,29,0,71
2025-09-24T01:46:05+00:00,small-simulation,1,10,1,30,0,78
2025-09-24T01:47:58+00:00,small-simulation,1,10,3,1,0,112
2025-09-24T01:50:01+00:00,small-simulation,1,10,3,2,0,122
2025-09-24T01:51:59+00:00,small-simulation,1,10,3,3,0,117
2025-09-24T01:54:02+00:00,small-simulation,1,10,3,4,0,122
2025-09-24T01:55:59+00:00,small-simulation,1,10,3,5,0,116
2025-09-24T01:57:58+00:00,small-simulation,1,10,3,6,0,118
2025-09-24T02:00:03+00:00,small-simulation,1,10,3,7,0,124
2025-09-24T02:02:10+00:00,small-simulation,1,10,3,8,0,126
2025-09-24T02:04:23+00:00,small-simulation,1,10,3,9,0,132
2025-09-24T02:06:24+00:00,small-simulation,1,10,3,10,0,120
2025-09-24T02:08:19+00:00,small-simulation,1,10,3,11,0,114
2025-09-24T02:10:26+00:00,small-simulation,1,10,3,12,0,126
2025-09-24T02:12:30+00:00,small-simulation,1,10,3,13,0,123
2025-09-24T02:14:24+00:00,small-simulation,1,10,3,14,0,113
2025-09-24T02:16:27+00:00,small-simulation,1,10,3,15,0,122
2025-09-24T02:18:33+00:00,small-simulation,1,10,3,16,0,125
2025-09-24T02:20:29+00:00,small-simulation,1,10,3,17,0,115
2025-09-24T02:22:31+00:00,small-simulation,1,10,3,18,0,121
2025-09-24T02:24:36+00:00,small-simulation,1,10,3,19,0,124
2025-09-24T02:26:39+00:00,small-simulation,1,10,3,20,0,122
2025-09-24T02:28:44+00:00,small-simulation,1,10,3,21,0,124
2025-09-24T02:30:52+00:00,small-simulation,1,10,3,22,0,127
2025-09-24T02:32:54+00:00,small-simulation,1,10,3,23,0,121
2025-09-24T02:34:45+00:00,small-simulation,1,10,3,24,0,110
2025-09-24T02:36:49+00:00,small-simulation,1,10,3,25,0,123
2025-09-24T02:38:49+00:00,small-simulation,1,10,3,26,0,119
2025-09-24T02:41:04+00:00,small-simulation,1,10,3,27,0,134
2025-09-24T02:43:19+00:00,small-simulation,1,10,3,28,0,134
2025-09-24T02:45:20+00:00,small-simulation,1,10,3,29,0,120
2025-09-24T02:47:22+00:00,small-simulation,1,10,3,30,0,121
2025-09-24T02:50:10+00:00,small-simulation,1,10,5,1,0,167
2025-09-24T02:53:05+00:00,small-simulation,1,10,5,2,0,174
2025-09-24T02:55:46+00:00,small-simulation,1,10,5,3,0,160
2025-09-24T02:58:57+00:00,small-simulation,1,10,5,4,0,190
2025-09-24T03:02:11+00:00,small-simulation,1,10,5,5,0,193
2025-09-24T03:05:06+00:00,small-simulation,1,10,5,6,0,174
2025-09-24T03:08:01+00:00,small-simulation,1,10,5,7,0,174
2025-09-24T03:10:27+00:00,small-simulation,1,10,5,8,0,145
2025-09-24T03:12:57+00:00,small-simulation,1,10,5,9,0,149
2025-09-24T03:16:01+00:00,small-simulation,1,10,5,10,0,183
2025-09-24T03:18:54+00:00,small-simulation,1,10,5,11,0,172
2025-09-24T03:21:47+00:00,small-simulation,1,10,5,12,0,172
2025-09-24T03:24:53+00:00,small-simulation,1,10,5,13,0,185
2025-09-24T03:27:47+00:00,small-simulation,1,10,5,14,0,173
2025-09-24T03:30:38+00:00,small-simulation,1,10,5,15,0,170
2025-09-24T03:33:21+00:00,small-simulation,1,10,5,16,0,162
2025-09-24T03:36:09+00:00,small-simulation,1,10,5,17,0,167
2025-09-24T03:39:22+00:00,small-simulation,1,10,5,18,0,192
2025-09-24T03:42:05+00:00,small-simulation,1,10,5,19,0,162
2025-09-24T03:44:51+00:00,small-simulation,1,10,5,20,0,165
2025-09-24T03:48:01+00:00,small-simulation,1,10,5,21,0,189
2025-09-24T03:51:12+00:00,small-simulation,1,10,5,22,0,190
2025-09-24T03:54:16+00:00,small-simulation,1,10,5,23,0,183
2025-09-24T03:56:59+00:00,small-simulation,1,10,5,24,0,162
2025-09-24T03:59:54+00:00,small-simulation,1,10,5,25,0,174
2025-09-24T04:02:49+00:00,small-simulation,1,10,5,26,0,174
2025-09-24T04:06:02+00:00,small-simulation,1,10,5,27,0,192
2025-09-24T04:08:57+00:00,small-simulation,1,10,5,28,0,174
2025-09-24T04:11:35+00:00,small-simulation,1,10,5,29,0,157
2025-09-24T04:14:34+00:00,small-simulation,1,10,5,30,0,178
2025-09-24T04:19:09+00:00,small-simulation,1,50,1,1,0,274
2025-09-24T04:24:08+00:00,small-simulation,1,50,1,2,0,298
2025-09-24T04:28:42+00:00,small-simulation,1,50,1,3,0,273
2025-09-24T04:33:16+00:00,small-simulation,1,50,1,4,0,273
2025-09-24T04:37:35+00:00,small-simulation,1,50,1,5,0,258
2025-09-24T04:42:11+00:00,small-simulation,1,50,1,6,0,275
2025-09-24T04:46:44+00:00,small-simulation,1,50,1,7,0,272
2025-09-24T04:51:35+00:00,small-simulation,1,50,1,8,0,290
2025-09-24T04:56:19+00:00,small-simulation,1,50,1,9,0,283
2025-09-24T05:00:40+00:00,small-simulation,1,50,1,10,0,260
2025-09-24T05:05:14+00:00,small-simulation,1,50,1,11,0,273
2025-09-24T05:09:56+00:00,small-simulation,1,50,1,12,0,281
2025-09-24T05:14:37+00:00,small-simulation,1,50,1,13,0,280
2025-09-24T05:19:02+00:00,small-simulation,1,50,1,14,0,264
2025-09-24T05:23:28+00:00,small-simulation,1,50,1,15,0,265
2025-09-24T05:28:19+00:00,small-simulation,1,50,1,16,0,290
2025-09-24T05:32:52+00:00,small-simulation,1,50,1,17,0,272
2025-09-24T05:37:30+00:00,small-simulation,1,50,1,18,0,277
2025-09-24T05:42:02+00:00,small-simulation,1,50,1,19,0,271
2025-09-24T05:46:22+00:00,small-simulation,1,50,1,20,0,259
2025-09-24T05:50:55+00:00,small-simulation,1,50,1,21,0,272
2025-09-24T05:55:22+00:00,small-simulation,1,50,1,22,0,266
2025-09-24T05:59:53+00:00,small-simulation,1,50,1,23,0,270
2025-09-24T06:04:18+00:00,small-simulation,1,50,1,24,0,264
2025-09-24T06:08:47+00:00,small-simulation,1,50,1,25,0,268
2025-09-24T06:13:20+00:00,small-simulation,1,50,1,26,0,272
2025-09-24T06:17:50+00:00,small-simulation,1,50,1,27,0,269
2025-09-24T06:22:21+00:00,small-simulation,1,50,1,28,0,270
2025-09-24T06:26:59+00:00,small-simulation,1,50,1,29,0,277
2025-09-24T06:31:22+00:00,small-simulation,1,50,1,30,0,262
2025-09-24T06:38:23+00:00,small-simulation,1,50,3,1,0,420
2025-09-24T06:46:15+00:00,small-simulation,1,50,3,2,0,471
2025-09-24T06:53:53+00:00,small-simulation,1,50,3,3,0,457
2025-09-24T07:00:49+00:00,small-simulation,1,50,3,4,0,415
2025-09-24T07:07:28+00:00,small-simulation,1,50,3,5,0,398
2025-09-24T07:15:04+00:00,small-simulation,1,50,3,6,0,455
2025-09-24T07:22:52+00:00,small-simulation,1,50,3,7,0,467
2025-09-24T07:30:27+00:00,small-simulation,1,50,3,8,0,454
2025-09-24T07:37:13+00:00,small-simulation,1,50,3,9,0,405
2025-09-24T07:44:13+00:00,small-simulation,1,50,3,10,0,419
2025-09-24T07:52:05+00:00,small-simulation,1,50,3,11,0,471
2025-09-24T07:59:12+00:00,small-simulation,1,50,3,12,0,426
2025-09-24T08:06:41+00:00,small-simulation,1,50,3,13,0,448
2025-09-24T08:13:57+00:00,small-simulation,1,50,3,14,0,435
2025-09-24T08:21:14+00:00,small-simulation,1,50,3,15,0,436
2025-09-24T08:28:26+00:00,small-simulation,1,50,3,16,0,431
2025-09-24T08:35:28+00:00,small-simulation,1,50,3,17,0,421
2025-09-24T08:42:49+00:00,small-simulation,1,50,3,18,0,440
2025-09-24T08:50:45+00:00,small-simulation,1,50,3,19,0,475
2025-09-24T08:57:48+00:00,small-simulation,1,50,3,20,0,422
2025-09-24T09:04:40+00:00,small-simulation,1,50,3,21,0,411
2025-09-24T09:11:37+00:00,small-simulation,1,50,3,22,0,416
2025-09-24T09:19:14+00:00,small-simulation,1,50,3,23,0,456
2025-09-24T09:26:22+00:00,small-simulation,1,50,3,24,0,427
2025-09-24T09:32:46+00:00,small-simulation,1,50,3,25,0,383
2025-09-24T09:40:29+00:00,small-simulation,1,50,3,26,0,462
2025-09-24T09:47:51+00:00,small-simulation,1,50,3,27,0,441
2025-09-24T09:55:46+00:00,small-simulation,1,50,3,28,0,474
2025-09-24T10:03:33+00:00,small-simulation,1,50,3,29,0,466
2025-09-24T10:11:04+00:00,small-simulation,1,50,3,30,0,450
2025-09-24T10:21:57+00:00,small-simulation,1,50,5,1,0,652
2025-09-24T10:32:16+00:00,small-simulation,1,50,5,2,0,618
2025-09-24T10:42:43+00:00,small-simulation,1,50,5,3,0,626
2025-09-24T10:52:55+00:00,small-simulation,1,50,5,4,0,611
2025-09-24T11:03:04+00:00,small-simulation,1,50,5,5,0,608
2025-09-24T11:12:45+00:00,small-simulation,1,50,5,6,0,580
2025-09-24T11:23:46+00:00,small-simulation,1,50,5,7,0,660
2025-09-24T11:33:41+00:00,small-simulation,1,50,5,8,0,594
2025-09-24T11:43:19+00:00,small-simulation,1,50,5,9,0,577
2025-09-24T11:53:28+00:00,small-simulation,1,50,5,10,0,608
2025-09-24T12:02:41+00:00,small-simulation,1,50,5,11,0,552
2025-09-24T12:13:26+00:00,small-simulation,1,50,5,12,0,644
2025-09-24T12:23:13+00:00,small-simulation,1,50,5,13,0,586
2025-09-24T12:33:39+00:00,small-simulation,1,50,5,14,0,625
2025-09-24T12:43:17+00:00,small-simulation,1,50,5,15,0,577
2025-09-24T12:54:41+00:00,small-simulation,1,50,5,16,0,683
2025-09-24T13:03:50+00:00,small-simulation,1,50,5,17,0,548
2025-09-24T13:14:07+00:00,small-simulation,1,50,5,18,0,616
2025-09-24T13:25:07+00:00,small-simulation,1,50,5,19,0,659
2025-09-24T13:35:34+00:00,small-simulation,1,50,5,20,0,626
2025-09-24T16:24:16+00:00,small-simulation,1,50,5,21,0,689
2025-09-24T16:34:44+00:00,small-simulation,1,50,5,22,0,627
2025-09-24T16:44:58+00:00,small-simulation,1,50,5,23,0,613
2025-09-24T16:54:52+00:00,small-simulation,1,50,5,24,0,593
2025-09-24T17:04:25+00:00,small-simulation,1,50,5,25,0,572
2025-09-24T17:14:17+00:00,small-simulation,1,50,5,26,0,591
2025-09-24T17:24:14+00:00,small-simulation,1,50,5,27,0,596
2025-09-24T17:33:32+00:00,small-simulation,1,50,5,28,0,557
2025-09-24T17:44:24+00:00,small-simulation,1,50,5,29,0,651
2025-09-24T17:53:46+00:00,small-simulation,1,50,5,30,0,561
